Username,Email,First name,Last name,Date joined,Last login
admin,admin@admin.com,,,2025-04-17 14:43:24.007525+00:00,2025-05-05 15:33:15.891767+00:00
susan89,amanda48@example.org,Christine,Jones,2025-05-05 18:19:17.281295+00:00,
prattmaria,rollinsevan@example.org,Johnny,West,2025-05-05 18:19:17.688641+00:00,
cristina13,johnsonronald@example.com,Lacey,Howell,2025-05-05 18:19:18.074995+00:00,
timothy47,luismoreno@example.org,Stephanie,Austin,2025-05-05 18:19:18.460022+00:00,
walkerryan,alexislopez@example.com,Michael,Mora,2025-05-05 18:19:18.838745+00:00,
dyerdavid,xbailey@example.org,Jennifer,Kelly,2025-05-05 18:19:19.244871+00:00,
daniel85,mirandamartha@example.org,Louis,Shaw,2025-05-05 18:19:19.624517+00:00,
mark31,holtpatricia@example.org,Abigail,Gutierrez,2025-05-05 18:19:20.011380+00:00,
kentvictor,fcampbell@example.org,Patrick,Nicholson,2025-05-05 18:19:20.392121+00:00,
crystal90,brandy92@example.org,Jennifer,Cooke,2025-05-05 18:19:20.772353+00:00,
